Full Name,Phone,email,Age,Experience,Yearly Income,Has children,License states,Expiration date,License number
Will Smith,695-611-4897,wshenton0@networksolutions.com,7.8,47,65,true,Baishan Alabama,2020-10-26,4130105566
Judie O'Gavin,7056773265,jogavin1@tuttocitta.it,51,41,18,false,Grubi≈°no Polje,2019-11-26,0241412439
Ashil Chidlow,9217308439,achidlow2@myspace.com,32,10,94,true,Arys,5/3/2020,8673903688
Rodolph Haversham,695-611-4897,rhaversham3@weebly.com,99,87,30,false,Ntobo,11/26/2020,0979667860
Florette Lindbergh,688-433-8702,flindbergh4@ed.gov,61,64,23,false,Nueve de Julio,11/9/2020,8567332540
Pernell Craig,858-235-4418,pcraig5@springer.com,60,35,47,false,Donghai,4/28/2020,8353540843
Drusilla Feltham,198-783-3288,dfeltham6@is.gd,60,72,12,false,Linjiang,9/23/2020,3722819393
Elizabeth Fuzzens,100-200-3102,efuzzens7@ibm.com,51,84,5,true,Duantan,3/21/2021,7110371905
Suki Glander,807-178-8612,sglander8@nytimes.com,40,97,77,true,Nanshan,1/10/2021,2947774981
Bernita Skitch,555-286-5614,flindbergh4@ed.gov,5,98,72,true,Huaiyuan Chengguanzhen,10/3/2020,8462839025
